USE [Hutech_SecureQR]
GO

CREATE TABLE [Users] (
    [user_id] int NOT NULL,
    [username] varchar(50) NOT NULL,
    [password_hash] varchar(255) NOT NULL,
    [bank_account] varchar(20) NOT NULL,
    [bank_code] varchar(20) NOT NULL,
    [created_at] datetime NULL,
    [full_name] nvarchar(100) NULL,
    [role] varchar(20) NULL,
    [status] varchar(20) NULL,
    [short_name] nvarchar(50) NULL
);
GO

INSERT INTO [Users] VALUES ('1',N'admin_phi',N'hash_tam_thoi_123',N'96247HOATHUI',N'BIDV','2026-05-28 11:12:48.117000',N'Trần Thanh Tùng',N'MERCHANT',N'ACTIVE',NULL);
INSERT INTO [Users] VALUES ('2',N'qskaitomz@gmail.com',N'$2b$12$tQumaxeCzP6Hl3eIqLF6Muasti59s6Z3fuXD9oIMThUUsJZ7lLByG',N'96247HOATHUI',N'BIDV','2026-05-29 16:39:32.140000',N'Nguyễn Đình Hòa',N'ADMIN',N'ACTIVE',NULL);
INSERT INTO [Users] VALUES ('3',N'hoa1412mz@gmial.com',N'$2b$12$MvmuxOdUtEeOjabM9Fpnhuk5s6QRzpnhAvYte3pc9Ebfk5dvs/RYS',N'CHUA_CAP_NHAT',N'CHUA_CAP_NHAT','2026-05-29 16:39:50.323000',N'Nguyễn Văn Hòa',N'MERCHANT',N'ACTIVE',NULL);
INSERT INTO [Users] VALUES ('4',N'test@hutech.edu.vn',N'$2b$12$uC2uAdGDbZOpOVK.PqgmHeqqt.wEDqOgujL4ykYLgB5zQWGAVSS3a',N'CHUA_CAP_NHAT',N'CHUA_CAP_NHAT','2026-05-29 16:40:14.667000',N'Trần Hữu Nghĩa',N'MERCHANT',N'ACTIVE',NULL);
INSERT INTO [Users] VALUES ('5',N'phi123@gmail.com',N'$2b$12$ByZExavXSz5iEWFIhu1j6OFLH5EqVdm3d57pKxGuPO6.lbumKwYV2',N'CHUA_CAP_NHAT',N'CHUA_CAP_NHAT','2026-05-29 16:43:47.903000',N'Lê Thanh Hải',N'MERCHANT',N'ACTIVE',NULL);
INSERT INTO [Users] VALUES ('6',N'phi999@gmail.com',N'$2b$12$r76m4Xg0MSvi2VISFhxMXOO67gnms/LS4tSQgQDvQlnvw8Uk9nx2e',N'CHUA_CAP_NHAT',N'CHUA_CAP_NHAT','2026-05-29 16:47:07.910000',N'Nguyễn Thanh Tùng',N'MERCHANT',N'ACTIVE',NULL);
INSERT INTO [Users] VALUES ('7',N'phi9999@gmail.com',N'$2b$12$lu.KXMqYyLceRCbQMIJnMuaRQD0d7GiHowKzhXr8rY4xJFepmNpCG',N'CHUA_CAP_NHAT',N'CHUA_CAP_NHAT','2026-05-29 16:48:27.043000',N'Nguyễn Minh Đại',N'STAFF',N'ACTIVE',NULL);
INSERT INTO [Users] VALUES ('8',N'phi988@gmail.com',N'$2b$12$nGh6JFXh2xCpkxV7Q3TaoO./dye0/skjeumRgM/2yODuNiZ9OB8l.',N'CHUA_CAP_NHAT',N'CHUA_CAP_NHAT','2026-05-29 17:07:43.470000',N'Đương Quốc Hoàng',N'STAFF',N'ACTIVE',NULL);
INSERT INTO [Users] VALUES ('9',N'test12@gmail.com',N'$2b$12$1vuw6jEF1NGmBayel/Ub8unJQopvEh4X1qXcNHJmJdSe5klCzgL7K',N'96247HOATHUI',N'BIDV','2026-05-29 19:20:21.507000',N'Trần Quyết Chiến',N'STAFF',N'ACTIVE',NULL);
INSERT INTO [Users] VALUES ('10',N'hung@gmail.com',N'$2b$12$f.DFBhBTrA34B1peQ8FqX.k56yaxAyiSTAaqMf6eFKi0XH0KtEBxW',N'CHUA_CAP_NHAT',N'CHUA_CAP_NHAT','2026-05-31 01:47:38',N'trần huy hùng',N'USER',N'ACTIVE',NULL);
INSERT INTO [Users] VALUES ('11',N'huy@gmail.com',N'$2b$12$sFDai75.DwhOUvMuPLW2he0mLSQD6jKzIyJjqb/elcMzRNbU4YUtK',N'CHUA_CAP_NHAT',N'CHUA_CAP_NHAT','2026-05-31 01:53:30.380000',N'Ngô Quốc Hùng',N'USER',N'ACTIVE',N'NQH');
GO

CREATE TABLE [QR_Links] (
    [qr_id] varchar(50) NOT NULL,
    [user_id] int NULL,
    [expected_amount] bigint NOT NULL,
    [description] nvarchar(255) NULL,
    [hmac_signature] varchar(255) NOT NULL,
    [status] varchar(20) NULL,
    [created_at] datetime NULL,
    [token_id] int NULL,
    [account_no] varchar(50) NULL,
    [bank_code] varchar(50) NULL,
    [bank_account_id] int NULL
);
GO

INSERT INTO [QR_Links] VALUES (N'123 HUTECH_FS5OWK',NULL,'10000',NULL,N'2e14e25a1e94b966127be8f64787fc994a7d622137a55a484d8af8c8b28e1924',N'PAID','2026-05-30 03:32:11.310000',NULL,NULL,NULL,NULL);
INSERT INTO [QR_Links] VALUES (N'HUTECH_1IKK9O',NULL,'2000',NULL,N'082265f55c581358fb5a4fb9b6941c7720bea631a3a05eb83cdd9b26c30d8b43',N'PAID','2026-05-30 06:08:58.197000','5',NULL,NULL,NULL);
INSERT INTO [QR_Links] VALUES (N'HUTECH_2QE4O0',NULL,'10000',NULL,N'813f8529ca909d6976dbd498b70e4da80dead94ca398c97b156a669ef80839f0',N'PAID','2026-05-30 04:13:03.690000',NULL,NULL,NULL,NULL);
INSERT INTO [QR_Links] VALUES (N'HUTECH_34HL8F',NULL,'0',NULL,N'3ed7609f4fc8b6e759e8a9c24cfd123a0169c9d8b72ea8e4efdb79b14177a2e4',N'ACTIVE','2026-05-30 17:26:14.053000','6',NULL,NULL,NULL);
INSERT INTO [QR_Links] VALUES (N'HUTECH_34IGOW',NULL,'10000',NULL,N'608403722f38409f9be12267c46c7fc9db438f474ccf56b02153ecb05c5eba29',N'ACTIVE','2026-05-30 03:10:01.950000',NULL,NULL,NULL,NULL);
INSERT INTO [QR_Links] VALUES (N'HUTECH_3VRQP3',NULL,'0',NULL,N'8f0fe2013aac414bfbce571906cb403c072b48486774639300268e1452f0816a',N'ACTIVE','2026-05-30 17:54:57.070000','6',NULL,NULL,NULL);
INSERT INTO [QR_Links] VALUES (N'HUTECH_4FFDM2',NULL,'0',NULL,N'bd4dac8a713c6c721cb602efa37182aaa07d234ca061e9bb36eaad5c9066ca15',N'ACTIVE','2026-05-30 17:43:19.137000','6',NULL,NULL,NULL);
INSERT INTO [QR_Links] VALUES (N'HUTECH_4Q52HO',NULL,'0',NULL,N'7b10b3c0f5c2b35bb20f1517f0c1bce64c230ac86aeb310e4c5f38ebc5ea2a9e',N'ACTIVE','2026-05-30 17:24:17.967000','6',NULL,NULL,NULL);
INSERT INTO [QR_Links] VALUES (N'HUTECH_5V7OLQ',NULL,'0',NULL,N'335f3501044b169107711215925ec903031c9c39936d77a39183155e6fcf9dd6',N'ACTIVE','2026-05-30 17:39:58.593000','6',NULL,NULL,NULL);
INSERT INTO [QR_Links] VALUES (N'HUTECH_6OTAI5',NULL,'2000',NULL,N'b9e52a7459d13b1476fd94c2b54e5630df81836b88cb5c1f35b4ff713f2884b5',N'PAID','2026-05-30 05:37:29.463000','5',NULL,NULL,NULL);
INSERT INTO [QR_Links] VALUES (N'HUTECH_7IWX7Z',NULL,'10000',NULL,N'0ad17e0548e3eae400e139d5ed97f1784b548e673f8881cd89dc04d56c99c856',N'ACTIVE','2026-05-30 03:09:44.667000',NULL,NULL,NULL,NULL);
INSERT INTO [QR_Links] VALUES (N'HUTECH_7LYDVJ',NULL,'2000',NULL,N'8cfc4763d99f545f8cb287893e75f7c3fa9c544aa33b9f9ee607f4d5e486e053',N'ACTIVE','2026-05-30 17:10:26.770000','6',NULL,NULL,NULL);
INSERT INTO [QR_Links] VALUES (N'HUTECH_7N5XPM',NULL,'10000',NULL,N'95b72d68f9d9f26b4e0774460309edecf5ec5747efc1eb398f8ddd411769e286',N'ACTIVE','2026-05-30 17:05:31.187000','6',NULL,NULL,NULL);
INSERT INTO [QR_Links] VALUES (N'HUTECH_7RZU7B',NULL,'0',NULL,N'14c7793fd8ad9061a965447c32692033c8b29a97cc9cb9d7cb6feca1cc70fa97',N'ACTIVE','2026-05-30 17:55:01.117000','6',NULL,NULL,NULL);
INSERT INTO [QR_Links] VALUES (N'HUTECH_89BIG8',NULL,'2000',NULL,N'8787d685e07856b1ea01d6a3d5c85ae4ecf862f2aa5c84e0e441d3a0003cabf3',N'ACTIVE','2026-05-30 17:01:31.750000','6',NULL,NULL,NULL);
INSERT INTO [QR_Links] VALUES (N'HUTECH_9OD3QI',NULL,'10000',NULL,N'c8a1f35cba04415fefe947478e9adb5e0cdc2a245887a06f7d0a78d0ce3667de',N'PAID','2026-05-30 03:34:22.373000',NULL,NULL,NULL,NULL);
INSERT INTO [QR_Links] VALUES (N'HUTECH_BJSGJE',NULL,'0',NULL,N'442742b4a34c14b5846ae5e3d53777fba7a70a04fc746274a583e7f129b5a7cc',N'ACTIVE','2026-05-30 06:05:40.040000','5',NULL,NULL,NULL);
INSERT INTO [QR_Links] VALUES (N'HUTECH_BOLLWS',NULL,'10000',NULL,N'8baf24ef2cd7b0d4e60ccd1390f9f2fe25de4286410bd3cd6b3c1d7259b1182b',N'ACTIVE','2026-05-30 17:01:40.393000','6',NULL,NULL,NULL);
INSERT INTO [QR_Links] VALUES (N'HUTECH_CART_11757','2','2000',NULL,N'74f030f37ccfc4739c258ede81b749a261f62461e31b1e1633e984c7f3399d4f',N'ACTIVE','2026-05-31 15:18:17.633000',NULL,N'96247HOATHUI',NULL,NULL);
INSERT INTO [QR_Links] VALUES (N'HUTECH_CART_27547','2','150000',NULL,N'd9f5eb3e26ba91a2ccb535796475562ebff55de3a583241d31d82e70533e1b39',N'ACTIVE','2026-05-31 15:41:44.550000',NULL,N'96247HOATHUI',NULL,NULL);
INSERT INTO [QR_Links] VALUES (N'HUTECH_CART_33338','2','2000',NULL,N'e8c9c8d743f0791c3c30920052a69fe2a9fed149fb1c7255a63021975c28aeae',N'ACTIVE','2026-05-31 15:23:17.777000',NULL,N'96247HOATHUI',NULL,NULL);
INSERT INTO [QR_Links] VALUES (N'HUTECH_CART_40565','2','150000',NULL,N'cfa667d35441b1a47283082f088d8953108409d1f1e11c7d3353a0dcfe8bf536',N'ACTIVE','2026-05-31 15:36:35.560000',NULL,N'96247HOATHUI',NULL,NULL);
INSERT INTO [QR_Links] VALUES (N'HUTECH_CART_40824','2','2000',NULL,N'c97462c739bd35720d33bb9c88ad0a2a4884497eb8ff188d2abe00c266a2f050',N'ACTIVE','2026-05-31 15:15:45.047000',NULL,N'96247HOATHUI',NULL,NULL);
INSERT INTO [QR_Links] VALUES (N'HUTECH_CART_49519','2','150000',NULL,N'499b1b38ec1f5e739bf9742f1f77ef1eada861edd095d550286d5f7ed257bb45',N'ACTIVE','2026-05-31 15:49:18.340000',NULL,N'96247HOATHUI',NULL,NULL);
INSERT INTO [QR_Links] VALUES (N'HUTECH_CART_54432','2','150000',NULL,N'2ec6b3a7d50f43c3d855b06921c7251348d55f64d24670e969726dfb11b71737',N'ACTIVE','2026-05-31 15:55:20.300000',NULL,N'96247HOATHUI',NULL,NULL);
INSERT INTO [QR_Links] VALUES (N'HUTECH_CART_56372','2','150000',NULL,N'b7fbd1b69a780ccd4d0303f3c3a447d4972fe09fe0c9c65fcd156ec429c9fd97',N'ACTIVE','2026-05-31 16:03:36.870000',NULL,N'96247HOATHUI',NULL,NULL);
INSERT INTO [QR_Links] VALUES (N'HUTECH_CART_67460','2','152000',NULL,N'fe7d7f5ec36dc198b5b667288a90f8379617867005c019e685c81da26f35a9d3',N'ACTIVE','2026-05-31 15:27:00.880000',NULL,N'96247HOATHUI',NULL,NULL);
INSERT INTO [QR_Links] VALUES (N'HUTECH_CART_69685','2','150000',NULL,N'a198405cdd466e0777658499406577a06efb9701dae98686e59af8330a919c59',N'ACTIVE','2026-05-31 15:51:02',NULL,N'96247HOATHUI',NULL,NULL);
INSERT INTO [QR_Links] VALUES (N'HUTECH_CART_74448','2','2000',NULL,N'48e10d8c90df9a5fe603df9ddad124da10fdcdcdacd461e2aa0b80c59b3c1716',N'ACTIVE','2026-05-31 15:24:27.133000',NULL,N'96247HOATHUI',NULL,NULL);
INSERT INTO [QR_Links] VALUES (N'HUTECH_CART_88486','2','2000',NULL,N'2c74c0826da0ff9737fbdfbcc04698a0fca308020ffe69bca8788ea071aa982d',N'ACTIVE','2026-05-31 15:11:13.510000',NULL,N'96247HOATHUI',NULL,NULL);
INSERT INTO [QR_Links] VALUES (N'HUTECH_CCVS5U',NULL,'2000',NULL,N'8ebf91c892c4a99818f42af69a0825327bca3228de5013c61f78d06bd23e170f',N'ACTIVE','2026-05-30 16:53:43.693000','5',NULL,NULL,NULL);
INSERT INTO [QR_Links] VALUES (N'HUTECH_CD4AHR',NULL,'10000',NULL,N'00ad39ad8945478a176926dbe10acb5109088fae0743237bbd2b2d26372b8b0d',N'ACTIVE','2026-05-30 06:02:15.193000','1',N'0987654321',N'BIDV','1');
INSERT INTO [QR_Links] VALUES (N'HUTECH_DC8E76',NULL,'10000',NULL,N'071c2d5711b1f7d3a443e6c4358c3667ec5ec20bf54e309b41835782a197e841',N'ACTIVE','2026-05-30 03:21:46.997000',NULL,NULL,NULL,NULL);
INSERT INTO [QR_Links] VALUES (N'HUTECH_EJIORD',NULL,'10000',NULL,N'982ee4e6e09f933f4865fea6eb225d304ab05f340be21c8ba6218d106ad811a3',N'ACTIVE','2026-05-30 03:29:54.460000',NULL,NULL,NULL,NULL);
INSERT INTO [QR_Links] VALUES (N'HUTECH_EWN68M',NULL,'2000',NULL,N'128610335b9b7e49d425c46f2d962dccb3614708f69f4cf67b17e8487d0ac055',N'ACTIVE','2026-05-30 17:00:48.527000','6',NULL,NULL,NULL);
INSERT INTO [QR_Links] VALUES (N'HUTECH_FGD3V0',NULL,'10000',NULL,N'4e5432f98cbcfa74297627090483b6b5da112e4d3e06aa3bc41c0c3bb2a84ab9',N'PAID','2026-05-30 03:54:33.323000',NULL,NULL,NULL,NULL);
INSERT INTO [QR_Links] VALUES (N'HUTECH_HCGG8G',NULL,'10000',NULL,N'a54787c7bb213d2437f021fabea82a139f806551f78f53d9a7f0498dc1c8f6ec',N'ACTIVE','2026-05-30 03:24:24.730000',NULL,NULL,NULL,NULL);
INSERT INTO [QR_Links] VALUES (N'HUTECH_I06Q1U',NULL,'10000',NULL,N'cbfa1c94a6bef427f8d483402552a51e6659897eb76c67f41ccd06bef838be03',N'ACTIVE','2026-05-30 17:27:14.607000','6',NULL,NULL,NULL);
INSERT INTO [QR_Links] VALUES (N'HUTECH_I1H8MJ',NULL,'0',NULL,N'8510308eb2715b16784502fab6bce506637f0e906853da3ad75404ee7da778c7',N'ACTIVE','2026-05-30 17:54:59.260000','6',NULL,NULL,NULL);
INSERT INTO [QR_Links] VALUES (N'HUTECH_I3THQG',NULL,'200000',NULL,N'075272fe570cfdaf50615fa7c4c6982fe8165161818aa442b6f0e5113db18bad',N'ACTIVE','2026-05-30 03:06:35.180000',NULL,NULL,NULL,NULL);
INSERT INTO [QR_Links] VALUES (N'HUTECH_JF7TRO',NULL,'2000',NULL,N'758631a5adf7e88471a08b74a9d1e1f3786e72af7a9118efa6d68ea2abf918ef',N'PAID','2026-05-30 06:17:21.633000','5',NULL,NULL,NULL);
INSERT INTO [QR_Links] VALUES (N'HUTECH_JI0FIM',NULL,'1000',NULL,N'7e55f746c024a7bf2f70ca8573ec82296fa22d4225c7c405aba2edd5d61a3225',N'ACTIVE','2026-05-30 06:01:51.960000','1',N'0987654321',N'BIDV','1');
INSERT INTO [QR_Links] VALUES (N'HUTECH_KQWB2R',NULL,'2000',NULL,N'55f04b475df97c6be49d48cae8ce492d11ca263d6915f55b9fcbdecf5029a8d2',N'ACTIVE','2026-05-30 17:50:36.793000','6',NULL,NULL,NULL);
INSERT INTO [QR_Links] VALUES (N'HUTECH_KZ2ABH',NULL,'2000',NULL,N'45c153c1c3481cdb6cbc1ece9e0045965f6628510a243e6f14aa6e9b1d46ac17',N'PAID','2026-05-30 05:16:48.127000','5',NULL,NULL,NULL);
INSERT INTO [QR_Links] VALUES (N'HUTECH_L51PVT',NULL,'2000',NULL,N'c15a389e6d36c3351611823343d10f41d7880730e570662311915caaeb921344',N'PAID','2026-05-30 05:14:22.670000','5',NULL,NULL,NULL);
INSERT INTO [QR_Links] VALUES (N'HUTECH_M03XAX',NULL,'0',NULL,N'761e4cbf9cb881aaf324d2eac5fad4b1c672c4c629f9c78020acb7e41d491102',N'ACTIVE','2026-05-30 17:55:04.507000','6',NULL,NULL,NULL);
INSERT INTO [QR_Links] VALUES (N'HUTECH_OBUWW5',NULL,'0',NULL,N'ce27742e1363f699ed38941af450a98dc9456b66d0a0dc9a8c3c4f2faff22b74',N'ACTIVE','2026-05-30 06:02:10.783000','1',N'0987654321',N'BIDV','1');
INSERT INTO [QR_Links] VALUES (N'HUTECH_OOLB2I',NULL,'2000',NULL,N'd627b817db8ffdbc8ca57fca0e4d6d5cc2f9f7ed18236a41a7f7e3eed8c197be',N'ACTIVE','2026-05-30 17:20:08.390000','6',NULL,NULL,NULL);
INSERT INTO [QR_Links] VALUES (N'HUTECH_P50BTR',NULL,'10000',NULL,N'44e5bebc48fa12c9518476d30726ee319fa99b330fd0bc93758e4acea94922a4',N'ACTIVE','2026-05-30 04:19:39.870000',NULL,NULL,NULL,NULL);
INSERT INTO [QR_Links] VALUES (N'HUTECH_P5S0XI',NULL,'10000',NULL,N'5ef7d3ba8cc4829da0d7067110dbfc0e331221e3a48107f5807f9d79a0e22aa9',N'ACTIVE','2026-05-30 03:25:36.370000',NULL,NULL,NULL,NULL);
INSERT INTO [QR_Links] VALUES (N'HUTECH_PEJ8PU',NULL,'0',NULL,N'1e5beb5363c775f210e1eaaaccb9036077f08bff2f05e95a275e9c275cb85ce3',N'ACTIVE','2026-05-30 17:51:05.673000','6',NULL,NULL,NULL);
INSERT INTO [QR_Links] VALUES (N'HUTECH_QXPLSO',NULL,'10000',NULL,N'6cdd473fa305f16149f1e8955f24d37223e33c2388dbf4be890dda65d7ba37e2',N'ACTIVE','2026-05-30 17:43:22.400000','6',NULL,NULL,NULL);
INSERT INTO [QR_Links] VALUES (N'HUTECH_RDNHQN',NULL,'2000',NULL,N'4dcfd00de5f69088d5968735d2e32ac7563c10344bebdf09048675547466063c',N'PAID','2026-05-30 06:30:03.920000','5',NULL,NULL,NULL);
INSERT INTO [QR_Links] VALUES (N'HUTECH_SLCFI6',NULL,'2000',NULL,N'c1ad02feaca7a1a335c2a9a4779d698f7114670d1bc70c3da40a8d0f5209913f',N'ACTIVE','2026-05-30 17:01:09.140000','6',NULL,NULL,NULL);
INSERT INTO [QR_Links] VALUES (N'HUTECH_SNNLQX',NULL,'200000',NULL,N'd0abb5c4604f631c712e35685ac455c395eb81f2362fedbe95deebe13af64206',N'ACTIVE','2026-05-30 17:01:43.103000','6',NULL,NULL,NULL);
INSERT INTO [QR_Links] VALUES (N'HUTECH_T8CE81',NULL,'10000',NULL,N'9e77bf3a7e931b8ed4dcc7c1a06f7b349ee79565a2c9283798c79414d2517063',N'ACTIVE','2026-05-30 17:37:10.420000','6',NULL,NULL,NULL);
INSERT INTO [QR_Links] VALUES (N'HUTECH_TH84L6',NULL,'2000',NULL,N'e4ce851a25697651447622825b85dac5d15b4e3a4658b7de3cedf37888a6d386',N'ACTIVE','2026-05-30 17:12:01.570000','6',NULL,NULL,NULL);
INSERT INTO [QR_Links] VALUES (N'HUTECH_UTTG1L',NULL,'10000',NULL,N'e8763f542194220904cfd71aa523e9b4574c043ff8f4bcc460c356c9e9175fb5',N'PAID','2026-05-30 04:00:25.240000',NULL,NULL,NULL,NULL);
INSERT INTO [QR_Links] VALUES (N'HUTECH_UV0MDA',NULL,'10000',NULL,N'573882d1e3a23b11fc7760906ba8351a721604d684c56bd82ba28677e7a2d5c2',N'ACTIVE','2026-05-30 17:30:08.890000','6',NULL,NULL,NULL);
INSERT INTO [QR_Links] VALUES (N'HUTECH_VHVCNZ',NULL,'10000',NULL,N'672308e0ab528b2ad752d9f41132782b3e629ae8b37706772d406bdf9eddc6ee',N'PAID','2026-05-30 03:52:14.180000',NULL,NULL,NULL,NULL);
INSERT INTO [QR_Links] VALUES (N'HUTECH_VJ5JYI',NULL,'2000',NULL,N'b4e1d634b271e1b217c1a2cc9c5f1c8590898d70ecab9038f7aeb5cfbc6d6164',N'PAID','2026-05-30 05:21:27.823000','5',NULL,NULL,NULL);
INSERT INTO [QR_Links] VALUES (N'HUTECH_VLYP31',NULL,'10000',NULL,N'b04d2d00f20bcdea75d043e9ca3c49619e1056f5a29c75af3e3d13231a3a01aa',N'ACTIVE','2026-05-30 03:31:40.767000',NULL,NULL,NULL,NULL);
INSERT INTO [QR_Links] VALUES (N'HUTECH_WDPLP4',NULL,'10000',NULL,N'81bdcec400ce955ce2602018751bf224c9c8400270232539d83989a0c843080e',N'PAID','2026-05-30 03:59:57.367000',NULL,NULL,NULL,NULL);
INSERT INTO [QR_Links] VALUES (N'HUTECH_X8YQLH',NULL,'10000',NULL,N'01d48ecea2d4a6cd8c3f538f6dfbdf9202e648609d37c02303aa9a5a714ba64d',N'ACTIVE','2026-05-30 17:00:33.820000','6',NULL,NULL,NULL);
INSERT INTO [QR_Links] VALUES (N'HUTECH_XGPFO9',NULL,'10000',NULL,N'6555c4d25176f5e973e2c3146c6d4a39209ef2600d9f847f01ce0b5372ada909',N'ACTIVE','2026-05-30 05:14:17.113000','5',NULL,NULL,NULL);
INSERT INTO [QR_Links] VALUES (N'HUTECH_Y7DPMF',NULL,'10000',NULL,N'9fb8d61d91a8c158c6ea46ceedbe30e0ef4cf3857b6aff44c216c4b5e92d82ec',N'ACTIVE','2026-05-30 03:06:30.903000',NULL,NULL,NULL,NULL);
INSERT INTO [QR_Links] VALUES (N'HUTECH_YPXOFR',NULL,'10000',NULL,N'f0b31903c72b84e62b0ea9e4e9ab7903148fe7093a7761b953f78ce42845e614',N'ACTIVE','2026-05-30 17:01:46.293000','6',NULL,NULL,NULL);
INSERT INTO [QR_Links] VALUES (N'HUTECH_ZOTU7B',NULL,'10000',NULL,N'bd4611ceb5832eda422ad2548778579a3203195dd78f9d708a6fa5587c6d4128',N'PAID','2026-05-30 03:48:55.500000',NULL,NULL,NULL,NULL);
INSERT INTO [QR_Links] VALUES (N'HUTECH002978',NULL,'2000',NULL,N'e4fd53e15473e363ab1db95d746ba298be4116a767fbe02fe967a20457b41a62',N'PAID','2026-05-30 18:16:17.097000','7',NULL,NULL,NULL);
INSERT INTO [QR_Links] VALUES (N'HUTECH017383',NULL,'2000',NULL,N'29180f4a8b2d622b8cf17bb797bd8bba068dcd2647372ebe3f5be27d11fdad4d',N'ACTIVE','2026-05-30 18:10:58.800000','7',NULL,NULL,NULL);
INSERT INTO [QR_Links] VALUES (N'HUTECH038837',NULL,'2000',NULL,N'b1020b628d2a3899450eb4c2a6f7104728b53038a08ba8fe613baf57f54b30ed',N'PAID','2026-05-30 18:35:32.180000','6',NULL,NULL,NULL);
INSERT INTO [QR_Links] VALUES (N'HUTECH048177','2','2000',NULL,N'397264f20d09adb3eaee238ffc4da675324f7ddfa1271bd4d2f86c71ee240755',N'PAID','2026-05-31 00:53:04.527000','10',NULL,NULL,NULL);
INSERT INTO [QR_Links] VALUES (N'HUTECH052326',NULL,'10000',NULL,N'6ec2f5427d0e3a57ad605314f46284bad7434485b50073a7e87d5ea72aae95da',N'ACTIVE','2026-05-30 18:05:05.397000','7',NULL,NULL,NULL);
INSERT INTO [QR_Links] VALUES (N'HUTECH070841','2','0',NULL,N'4e8f37eb2d9f42441b780c97eafc600f9fdaa214fcd595f743daaacc281e7bee',N'ACTIVE','2026-05-31 14:46:19.983000','10',NULL,NULL,NULL);
INSERT INTO [QR_Links] VALUES (N'HUTECH092916','2','0',NULL,N'bd094dd71fe425343a382858c767e7509e63411af8fbc7d14ab74ef8ac3fe2b4',N'PAID','2026-05-31 00:54:12.227000','10',NULL,NULL,NULL);
INSERT INTO [QR_Links] VALUES (N'HUTECH099716',NULL,'0',NULL,N'df39cc8faf2714a8777177a9d0df05df0216b36b16f1e1e052799099a7cf3f91',N'ACTIVE','2026-05-30 18:17:36.810000','7',NULL,NULL,NULL);
INSERT INTO [QR_Links] VALUES (N'HUTECH162775',NULL,'2000',NULL,N'5eef093f54bba4062515777f8f24b877c68d183e6c54c03986affeba6dac82f9',N'ACTIVE','2026-05-30 18:10:57.177000','7',NULL,NULL,NULL);
INSERT INTO [QR_Links] VALUES (N'HUTECH199966',NULL,'0',NULL,N'9492c667b5bd29d3ba1b17dc660dd634976d0df0bff36cb48d8eb6196c4c4174',N'ACTIVE','2026-05-30 23:05:24.363000','10',NULL,NULL,NULL);
INSERT INTO [QR_Links] VALUES (N'HUTECH217106',NULL,'0',NULL,N'2cf10a82097cd524e2c95a2f32d6ab3115330093d157fb4e33578f6bae9524eb',N'PAID','2026-05-30 23:55:37.620000','10',NULL,NULL,NULL);
INSERT INTO [QR_Links] VALUES (N'HUTECH217469','2','0',NULL,N'15510a8b9db2b09556f9796b104fba9953e49c0444bea04b99a6098e5de0695b',N'FLAGGED','2026-05-31 14:43:19.407000','10',NULL,NULL,NULL);
INSERT INTO [QR_Links] VALUES (N'HUTECH219406',NULL,'0',NULL,N'013fb9e620e336da3fcc8b06580741304bb843ab28952b1ded5eb83e2da768a1',N'ACTIVE','2026-05-30 18:13:27.760000','7',NULL,NULL,NULL);
INSERT INTO [QR_Links] VALUES (N'HUTECH252425',NULL,'0',NULL,N'99865516a315f8d6b8be5e5867be744da78486eaf6def3d6ecf511dbcc133e2e',N'ACTIVE','2026-05-30 22:52:12.673000','10',NULL,NULL,NULL);
INSERT INTO [QR_Links] VALUES (N'HUTECH252426','2','0',NULL,N'5ff5a0b56d6e80f700bd10b3af23916d11fbfd0fd47fb6f86bdabc6c8e03c8cf',N'PAID','2026-05-31 00:09:52.460000','10',NULL,NULL,NULL);
INSERT INTO [QR_Links] VALUES (N'HUTECH263115',NULL,'0',NULL,N'6d6521e34ed6511aa8c3f9ee8b0145164fc7fddab245d60dd3855c7d8df85ac3',N'ACTIVE','2026-05-30 22:48:31.543000','10',NULL,NULL,NULL);
INSERT INTO [QR_Links] VALUES (N'HUTECH310835','2','2000',NULL,N'34af44ecb72ac639069526f749eda27286f09322efa93be86871831952f71959',N'ACTIVE','2026-05-31 02:36:12.610000','10',NULL,NULL,NULL);
INSERT INTO [QR_Links] VALUES (N'HUTECH345029',NULL,'0',NULL,N'c64fcf03bf405a0ebc6532b699daa21362b3a6e3cdfa1866cc40dd3e467ad041',N'ACTIVE','2026-05-30 23:56:43.270000','10',NULL,NULL,NULL);
INSERT INTO [QR_Links] VALUES (N'HUTECH355092',NULL,'10000',NULL,N'9ad6bdae5af769b81b8cf7a315dcd2a0a75e766de149982f36774fa077df1995',N'ACTIVE','2026-05-30 18:06:48.573000','7',NULL,NULL,NULL);
INSERT INTO [QR_Links] VALUES (N'HUTECH356263',NULL,'10000',NULL,N'e4e812acd520780263f18e08b6a2378b907fde21df896c7a00f7d764b03947d9',N'ACTIVE','2026-05-30 18:06:44.490000','7',NULL,NULL,NULL);
INSERT INTO [QR_Links] VALUES (N'HUTECH382532',NULL,'10000',NULL,N'00fdc0649860827c921f6258341d4ebd461e278414e897d72ec228c74f742a97',N'ACTIVE','2026-05-30 18:02:33.533000','6',NULL,NULL,NULL);
INSERT INTO [QR_Links] VALUES (N'HUTECH450452',NULL,'2000',NULL,N'fd7fdb6b57d93b816260b032796b264b11aded1037e53c503dde4db124a549b1',N'ACTIVE','2026-05-30 18:11:19.467000','7',NULL,NULL,NULL);
INSERT INTO [QR_Links] VALUES (N'HUTECH482647',NULL,'10000',NULL,N'149c493fd109ad08837ea2fc557e9067be84381c914eb1a2a516937333824f2a',N'ACTIVE','2026-05-30 18:05:01.840000','6',NULL,NULL,NULL);
INSERT INTO [QR_Links] VALUES (N'HUTECH497139','2','0',NULL,N'162152315344b196a9ef13d04b0d3ecebf5e012f2af536a273feee0e8c05c572',N'ACTIVE','2026-05-31 14:24:58.443000','10',NULL,NULL,NULL);
INSERT INTO [QR_Links] VALUES (N'HUTECH535204','2','0',NULL,N'15047cb8304daa480dec0904c10cd33b774d7b639e1daed84d549b99467eba1c',N'ACTIVE','2026-05-31 00:23:52.200000','10',NULL,NULL,NULL);
INSERT INTO [QR_Links] VALUES (N'HUTECH682575','2','2000',NULL,N'c941f9d5e606ef54b68b4a96dbb7da81bbf3fb17c1701000e3bb8c2cdb2065a7',N'PAID','2026-05-31 00:23:56.137000','10',NULL,NULL,NULL);
INSERT INTO [QR_Links] VALUES (N'HUTECH689229',NULL,'2000',NULL,N'09ce8a919b03c560851b0fea603bf884b7a352f56cbc057883c4c62ca86fbc69',N'PAID','2026-05-30 18:28:06.170000','9',NULL,NULL,NULL);
INSERT INTO [QR_Links] VALUES (N'HUTECH717887','2','0',NULL,N'3564a9fe9fcf2d6eefc6183c8b2246dc64991acd49fca33819e5b1d90f97eaf9',N'ACTIVE','2026-05-31 14:53:40.410000','10',NULL,NULL,NULL);
INSERT INTO [QR_Links] VALUES (N'HUTECH728088','2','0',NULL,N'aa439966dfe5f0d61e7330dacc72dede3fe56a587f3fe98804cd6c08e75cec70',N'ACTIVE','2026-05-31 14:37:44.787000','10',NULL,NULL,NULL);
INSERT INTO [QR_Links] VALUES (N'HUTECH808076',NULL,'16555',NULL,N'a016ff4493f6cf0a0da2f34ffaafb54a4c599bd2024504697ffc2fbe4621f0fe',N'ACTIVE','2026-05-30 18:16:04.687000','7',NULL,NULL,NULL);
INSERT INTO [QR_Links] VALUES (N'HUTECH836302',NULL,'2000',NULL,N'89ee03fefaea83592a040ec7dd3c8f80a379c6c7568d908880b65dc828abc7b4',N'PAID','2026-05-30 18:33:44.207000','10',NULL,NULL,NULL);
INSERT INTO [QR_Links] VALUES (N'HUTECH836874','2','2000',NULL,N'0220c93059e18712ae07c242401f0caee7213c6c538fc7f92ed59d9a42d3386a',N'PAID','2026-05-31 00:35:03.123000','10',NULL,NULL,NULL);
INSERT INTO [QR_Links] VALUES (N'HUTECH839498',NULL,'2000',NULL,N'bff1fa53a828c5378189720bccbd4ab0af85f0cd00e9b02ac68501befd7a10c3',N'PAID','2026-05-30 18:24:09.257000','6',NULL,NULL,NULL);
INSERT INTO [QR_Links] VALUES (N'HUTECH878810',NULL,'0',NULL,N'62f2104333321a5bed9afcaefa146ba5283d148f3ed2e2a3f7d7f60f0be3d899',N'ACTIVE','2026-05-30 22:46:02.627000','10',NULL,NULL,NULL);
INSERT INTO [QR_Links] VALUES (N'HUTECH904168',NULL,'2000',NULL,N'94447836b7f6bfdf26ed85ec18cae99dd7473b7b9d1bb961ea370e5bd733fad1',N'PAID','2026-05-30 23:56:49','10',NULL,NULL,NULL);
INSERT INTO [QR_Links] VALUES (N'HUTECH947343',NULL,'0',NULL,N'66239530888fb1f2d7b00f1871b67553885cea84c3e185443018b09d38ab0ae1',N'PAID','2026-05-31 00:03:52.680000','10',NULL,NULL,NULL);
INSERT INTO [QR_Links] VALUES (N'HUTECH985204',NULL,'2000',NULL,N'36bce0853fcaa6450ff22ec55efe7b6c627e6065a45a213b055c044df10072cc',N'PAID','2026-05-30 23:51:35.950000','10',NULL,NULL,NULL);
INSERT INTO [QR_Links] VALUES (N'HUTECH999713',NULL,'2000',NULL,N'd19e85f3b5d6910e3810b8eec5e1d4f386d1469461f700d9b12904c0b6f4cfde',N'ACTIVE','2026-05-30 18:10:55.080000','7',NULL,NULL,NULL);
INSERT INTO [QR_Links] VALUES (N'QR_078B5948','1','1',N'thanh toán',N'9a1213fd8d7879bb27336d5b214da8ba4413be04c22fa4afbac394a149d6c616',N'ACTIVE','2026-05-28 11:36:05.430000',NULL,NULL,NULL,NULL);
INSERT INTO [QR_Links] VALUES (N'QR_0AFE8FD9','1','1',N'ggg',N'de50451b11a1346923ca3452a1ab29ce7ef9da9765fe934ce4c845b37eb97ca3',N'ACTIVE','2026-05-28 11:52:10.457000',NULL,NULL,NULL,NULL);
INSERT INTO [QR_Links] VALUES (N'QR_1486F7C2','1','50000',N'gfg',N'eec7e132ebbabd024e4e403aceab33cdcda6d4dd1e540e512949a18b2033a732',N'PAID','2026-05-28 11:56:28.190000',NULL,NULL,NULL,NULL);
INSERT INTO [QR_Links] VALUES (N'QR_25B3AFF8','1','1',N'ểd',N'56465e30933a6b136728149515d2d5904f8887e291f07ab57361083817eaae00',N'ACTIVE','2026-05-29 16:13:20.950000',NULL,NULL,NULL,NULL);
INSERT INTO [QR_Links] VALUES (N'QR_6FE44F3D','1','1',N'tgg',N'585868b7b4341e56e6fda25f9ddace94c6cc52b4b3b7def1912411ef953f7b73',N'ACTIVE','2026-05-28 11:46:08.907000',NULL,NULL,NULL,NULL);
INSERT INTO [QR_Links] VALUES (N'QR_7B284968','1','1',N'ggg',N'0399119187bfccb2ac7fefb086975c341c8e6bab7485cca9c0c3d6a4028c75cf',N'ACTIVE','2026-05-28 11:54:30.800000',NULL,NULL,NULL,NULL);
INSERT INTO [QR_Links] VALUES (N'QR_DA0F69F5','1','1',N'êgd',N'00b31588227b894891eacf355fb283f3c6cf1202c68483319389afcea9792fc6',N'ACTIVE','2026-05-29 17:27:04.037000',NULL,NULL,NULL,NULL);
INSERT INTO [QR_Links] VALUES (N'test HUTECH_6AMGSG',NULL,'0',NULL,N'e4a52a4e62972be573c428a1755518e4fefd2ef3d369ede22c020a5922d00121',N'ACTIVE','2026-05-30 17:48:06.563000','1',NULL,NULL,NULL);
INSERT INTO [QR_Links] VALUES (N'TEST-0DE89274','1','50000',NULL,N'mock_hmac',N'ACTIVE','2026-05-31 00:02:17.110000',NULL,NULL,NULL,NULL);
INSERT INTO [QR_Links] VALUES (N'TEST-104F82F7','1','1000000',N'Thu hộ DH5075',N'mock_hmac',N'ACTIVE','2026-05-30 23:50:30.677000',NULL,NULL,NULL,NULL);
INSERT INTO [QR_Links] VALUES (N'TEST-1AE46517','1','1000000',N'Thu hộ DH5407',N'mock_hmac',N'ACTIVE','2026-05-30 23:50:30.677000',NULL,NULL,NULL,NULL);
INSERT INTO [QR_Links] VALUES (N'TEST-266ECA1D','1','1000000',N'Thu hộ DH8815',N'mock_hmac',N'ACTIVE','2026-05-30 23:50:30.677000',NULL,NULL,NULL,NULL);
INSERT INTO [QR_Links] VALUES (N'TEST-28231324','1','-200000',N'Hoàn tiền / Chuyển khoản DH4253',N'mock_hmac',N'ACTIVE','2026-05-30 23:50:30.680000',NULL,NULL,NULL,NULL);
INSERT INTO [QR_Links] VALUES (N'TEST-326709E0','1','50000',NULL,N'mock_hmac',N'PAID','2026-05-31 00:02:48.587000',NULL,NULL,NULL,NULL);
INSERT INTO [QR_Links] VALUES (N'TEST-99D66661','1','300000',N'Thu hộ DH9246',N'mock_hmac',N'ACTIVE','2026-05-30 23:50:30.677000',NULL,NULL,NULL,NULL);
INSERT INTO [QR_Links] VALUES (N'TEST-A886332B','1','50000',N'Thu hộ DH7390',N'mock_hmac',N'ACTIVE','2026-05-30 23:50:30.677000',NULL,NULL,NULL,NULL);
INSERT INTO [QR_Links] VALUES (N'TEST-D10A480C','1','50000',NULL,N'mock_hmac',N'ACTIVE','2026-05-31 00:01:47.213000',NULL,NULL,NULL,NULL);
INSERT INTO [QR_Links] VALUES (N'TEST-D60AAC6E','1','200000',N'Thu hộ DH6024',N'mock_hmac',N'ACTIVE','2026-05-30 23:50:30.673000',NULL,NULL,NULL,NULL);
INSERT INTO [QR_Links] VALUES (N'TEST-F246B079','1','200000',N'Thu hộ DH9183',N'mock_hmac',N'ACTIVE','2026-05-30 23:50:30.673000',NULL,NULL,NULL,NULL);
GO

CREATE TABLE [Transactions_Ledger] (
    [tx_id] varchar(50) NOT NULL,
    [qr_id] varchar(50) NULL,
    [actual_amount] bigint NOT NULL,
    [payer_ip] varchar(50) NULL,
    [ai_risk_score] float NULL,
    [status] varchar(20) NOT NULL,
    [block_hash] varchar(255) NOT NULL,
    [created_at] datetime NULL,
    [transfer_content] nvarchar(MAX) NULL
);
GO

INSERT INTO [Transactions_Ledger] VALUES (N'0007b3e3-f1c2-4b0b-8d6b-83fa0d06762d',N'HUTECH092916','18000',N'127.0.0.1','0.0',N'SUCCESS',N'0000d610d0bbe1244d29e8abe3cc6d3fc539f1ca62485f767851930dd59fb2f4','2026-05-31 00:54:32.133000',N'131343736996 0987273621 HUTECH092916');
INSERT INTO [Transactions_Ledger] VALUES (N'0311fb2b-1af2-425c-bb51-5e054b34ae82',N'HUTECH_CART_33338','2000',N'127.0.0.1','100.0',N'FLAGGED',N'00008d6ec3d6751ea4d3b3ddbe5e211016417aa97f5d332cfb88e0ae6d1d54f9','2026-05-31 15:23:31.917000',N'131411035476 0987273621 HUTECHCART33338');
INSERT INTO [Transactions_Ledger] VALUES (N'210f7de1-0b12-44f1-97cf-3498efb3d41a',N'TEST-326709E0','50000',N'127.0.0.1','0.0',N'SUCCESS',N'0000d2d9d15789435902a9ea179d090a58088b53819bd48805bb47a9a01edb5e','2026-05-31 00:02:48.747000',NULL);
INSERT INTO [Transactions_Ledger] VALUES (N'2d827c5b-b3b8-4c3b-969f-1a7a9f6db9b2',N'HUTECH_CART_40565','150000',N'127.0.0.1','100.0',N'FLAGGED',N'00002895c41fde77cb3b797c967c9f8e5bceb2c5d11afe0a6b5563780485c9b7','2026-05-31 15:37:13.227000',N'131412395785 0987273621 HUTECHCART40565');
INSERT INTO [Transactions_Ledger] VALUES (N'56f2bea5-2319-48b5-a257-758740c3148d',N'HUTECH947343','2000',N'127.0.0.1','0.0',N'SUCCESS',N'0000b6321efbd81f9161cb936adcdb16c9b2ceca5abefa440c8a718d4a2d7f6d','2026-05-31 00:04:12.740000',NULL);
INSERT INTO [Transactions_Ledger] VALUES (N'5e74bb42-0b9d-4fb8-b9ae-696afdd9dddd',N'HUTECH217469','2000',N'127.0.0.1','100.0',N'FLAGGED',N'00009f78101d0a562d0523ca15b4a48d3f522efdcbe4c7a901cd0b06ab7b95f4','2026-05-31 14:43:39.340000',N'131407258414 0987273621 HUTECH217469');
INSERT INTO [Transactions_Ledger] VALUES (N'697cd62a-bd7b-43df-b5ca-36a8c32bc02e',N'HUTECH_CART_74448','2000',N'127.0.0.1','100.0',N'FLAGGED',N'00004ccbca329a23b2ceea93e3c40997aa24775c4992acc5f5931ba2fb8d4785','2026-05-31 15:24:38.797000',N'131411140356 0987273621 HUTECHCART74448');
INSERT INTO [Transactions_Ledger] VALUES (N'6be3d64c-3397-42e7-b248-6d26a54be3cb',N'HUTECH252426','2000',N'127.0.0.1','0.0',N'SUCCESS',N'00009b813dc51cd819a44ded75282dca5110f9c9476c9e0fdcb7e40f7a928d29','2026-05-31 00:10:11.083000',NULL);
INSERT INTO [Transactions_Ledger] VALUES (N'6caaf2e8-11de-4a28-a41a-c27f1fbbc734',N'HUTECH_CART_69685','150000',N'127.0.0.1','100.0',N'FLAGGED',N'00009bba6cda496e4da456b68ead249cc68490dae8c52045b05eb56cd13d53cb','2026-05-31 15:51:18.093000',N'131413851805 0987273621 HUTECHCART69685');
INSERT INTO [Transactions_Ledger] VALUES (N'7bd7bdbc-843e-4cf9-8935-e1529b1eef31',N'HUTECH048177','2000',N'127.0.0.1','0.0',N'SUCCESS',N'00005e28c066950db95e9ea5906c392e7a9407e86bcc85a7b0c2471f12c592a0','2026-05-31 00:53:27.160000',N'131343773398 0987273621 HUTECH048177');
INSERT INTO [Transactions_Ledger] VALUES (N'80c0b286-0082-4acb-ae43-4e18bdcc1470',N'TEST-D60AAC6E','200000',N'127.0.0.1','0.0',N'SUCCESS',N'000060ca5f6ee3014525afccb23dd624a0d0','2026-05-30 23:50:30.683000',NULL);
INSERT INTO [Transactions_Ledger] VALUES (N'9bc5ff70-c52c-4950-9e29-41ec4a24c51d',N'TEST-28231324','-200000',N'127.0.0.1','0.0',N'SUCCESS',N'00007b7d42da10714b7eb7006296608c0c38','2026-05-27 11:50:30.687000',NULL);
INSERT INTO [Transactions_Ledger] VALUES (N'a0dd65c0-db08-4a3c-bfa7-4d87eb551ce1',N'TEST-104F82F7','1000000',N'127.0.0.1','0.0',N'SUCCESS',N'00002bf70fa117264ea387e3c619e61be732','2026-05-29 11:50:30.687000',NULL);
INSERT INTO [Transactions_Ledger] VALUES (N'a5c11b89-ef4c-4812-91d8-47ac218c2112',N'HUTECH836874','2000',N'127.0.0.1','0.0',N'SUCCESS',N'00000f113bd058e73a0d23d58435edbf37793a3b5e1828cbfcca9cba8206ce8b','2026-05-31 00:35:23',N'131343030947 0987273621 HUTECH836874');
INSERT INTO [Transactions_Ledger] VALUES (N'ace49a4a-8481-4be2-a290-6b7bed036c85',N'TEST-99D66661','300000',N'127.0.0.1','0.0',N'SUCCESS',N'00007e8cb509e17a472db503a0da8e580c85','2026-05-29 23:50:30.687000',NULL);
INSERT INTO [Transactions_Ledger] VALUES (N'b6966e76-8daa-420e-b407-53d0e71cc577',N'HUTECH682575','2000',N'127.0.0.1','0.0',N'SUCCESS',N'0000cea12808320f3f60a8807da164ebd3e7d543394b72188558356112162296','2026-05-31 00:24:11.760000',NULL);
INSERT INTO [Transactions_Ledger] VALUES (N'bb767f89-6170-426e-8a5a-290872c0a26d',N'TEST-A886332B','50000',N'127.0.0.1','0.0',N'SUCCESS',N'00004fbff4c9a728445fb005aae96790d682','2026-05-28 23:50:30.687000',NULL);
INSERT INTO [Transactions_Ledger] VALUES (N'c6f645c1-2ce9-4fb1-b269-7b28ed208e1d',N'HUTECH_CART_67460','152000',N'127.0.0.1','100.0',N'FLAGGED',N'0000cdb3ba842ac0aceb4d29d942f2c6facd5328216246b33d669efbd4976633','2026-05-31 15:27:20.630000',N'131411209710 0987273621 HUTECHCART67460');
INSERT INTO [Transactions_Ledger] VALUES (N'c7699b3f-810d-40b5-8c04-9dfb94dab6b7',N'TEST-266ECA1D','1000000',N'127.0.0.1','0.0',N'SUCCESS',N'00004e1c8877eae9454aa3925b582f1b2aeb','2026-05-27 23:50:30.687000',NULL);
INSERT INTO [Transactions_Ledger] VALUES (N'ee6a3410-4b94-44af-b01d-f5c38ddad121',N'TEST-1AE46517','1000000',N'127.0.0.1','0.0',N'SUCCESS',N'0000b2d0b2b8d8ed4559854b1c7fc6ade99a','2026-05-28 11:50:30.687000',NULL);
INSERT INTO [Transactions_Ledger] VALUES (N'f4c13f13-1000-4efc-a2e5-9bd35ce0ea12',N'TEST-F246B079','200000',N'127.0.0.1','0.0',N'SUCCESS',N'0000feae7218ebe0412dbdaa92508afaeeb4','2026-05-30 11:50:30.683000',NULL);
INSERT INTO [Transactions_Ledger] VALUES (N'TX_83E08745',N'QR_1486F7C2','50000',N'127.0.0.1','0.1',N'SUCCESS',N'0e139a982525ac7293f791253e4b43da9a1f4529f5de5c87c44162123bec0475','2026-05-28 11:59:08.210000',NULL);
INSERT INTO [Transactions_Ledger] VALUES (N'TXN_38RCLFAS9N',N'HUTECH_WDPLP4','10000',NULL,NULL,N'PAID',N'9d4c2457fbfb9b7a02436e7d6f139238067af19a6b11fc3705d14fae3f9c09ee','2026-05-30 04:00:18.790000',NULL);
INSERT INTO [Transactions_Ledger] VALUES (N'TXN_5T9VSCKCKL',N'HUTECH_FGD3V0','10000',NULL,NULL,N'PAID',N'fac9dbe48e300e765a80194a755852adf26138992fb7fa16fec667d5d4d92b00','2026-05-30 03:59:25.197000',NULL);
INSERT INTO [Transactions_Ledger] VALUES (N'TXN_CO2Z9HHT8Y',N'HUTECH_2QE4O0','10000',NULL,NULL,N'PAID',N'e54e39ace970f026181052ceaca49af28b8a4896ec5b6c052e29dced69078c1b','2026-05-30 04:13:23.390000',NULL);
INSERT INTO [Transactions_Ledger] VALUES (N'TXN_I3PDLVK19Y',N'HUTECH_ZOTU7B','10000',NULL,NULL,N'PAID',N'4ebe5165c3ecb125cb279722efe2d8e20e3cf90df86b88f1202b342a720e3db7','2026-05-30 03:48:59.073000',NULL);
INSERT INTO [Transactions_Ledger] VALUES (N'TXN_M449OM0X1O',N'HUTECH_VHVCNZ','10000',NULL,NULL,N'PAID',N'9f52f09b60ee94d10d1ce21fb28e47d6f17a115d4f54439cc24f17adee9f56df','2026-05-30 03:52:17.643000',NULL);
INSERT INTO [Transactions_Ledger] VALUES (N'TXN_ORM11QON76',N'HUTECH_UTTG1L','10000',NULL,NULL,N'PAID',N'3315b4531064eefe2fba6df7d62cfac2eafa55e263420f58b11c8c68e336ec4e','2026-05-30 04:01:12.793000',NULL);
INSERT INTO [Transactions_Ledger] VALUES (N'TXN_VOR27QV5IE',N'123 HUTECH_FS5OWK','10000',NULL,NULL,N'PAID',N'b0a0aef15b8487bd6032fcc7cefc4528e4471f3e23fa1ec99c22ddc9b638527c','2026-05-30 03:33:30.457000',NULL);
INSERT INTO [Transactions_Ledger] VALUES (N'TXN_XCW9S3F1LT',N'HUTECH_9OD3QI','10000',NULL,NULL,N'PAID',N'bd84ea84ec10ab6c397b62a1305fbfdb34606a56af79ab1712e551a27e94972c','2026-05-30 03:34:25.850000',NULL);
INSERT INTO [Transactions_Ledger] VALUES (N'WAIT_HUTECH_CART_11757',N'HUTECH_CART_11757','2000',N'127.0.0.1','0.0',N'PENDING',N'WAITING_BLOCK','2026-05-31 15:18:17.633000',N'HUTECH_CART_11757');
INSERT INTO [Transactions_Ledger] VALUES (N'WAIT_HUTECH_CART_27547',N'HUTECH_CART_27547','150000',N'127.0.0.1','0.0',N'SUCCESS',N'0000769bbd1d230a13436175ffaa5d24664f2cfe86403935cee8e5699e3a0bc8','2026-05-31 15:41:44.553000',N'131412857680 0987273621 HUTECHCART27547');
INSERT INTO [Transactions_Ledger] VALUES (N'WAIT_HUTECH_CART_33338',N'HUTECH_CART_33338','2000',N'127.0.0.1','0.0',N'PENDING',N'WAITING_BLOCK','2026-05-31 15:23:17.780000',N'HUTECH_CART_33338');
INSERT INTO [Transactions_Ledger] VALUES (N'WAIT_HUTECH_CART_40565',N'HUTECH_CART_40565','150000',N'127.0.0.1','0.0',N'PENDING',N'WAITING_BLOCK','2026-05-31 15:36:35.563000',N'HUTECH_CART_40565');
INSERT INTO [Transactions_Ledger] VALUES (N'WAIT_HUTECH_CART_40824',N'HUTECH_CART_40824','2000',N'127.0.0.1','0.0',N'PENDING',N'WAITING_BLOCK','2026-05-31 15:15:45.050000',N'HUTECH_CART_40824');
INSERT INTO [Transactions_Ledger] VALUES (N'WAIT_HUTECH_CART_49519',N'HUTECH_CART_49519','150000',N'127.0.0.1','0.0',N'PENDING',N'WAITING_BLOCK','2026-05-31 15:49:18.343000',N'HUTECH_CART_49519');
INSERT INTO [Transactions_Ledger] VALUES (N'WAIT_HUTECH_CART_54432',N'HUTECH_CART_54432','150000',N'127.0.0.1','0.0',N'SUCCESS',N'0000099b26e1a3a10b351452d4317ded5d67359a777ae711a35fb752f164940e','2026-05-31 15:55:20.303000',N'131414314379 0987273621 HUTECHCART54432');
INSERT INTO [Transactions_Ledger] VALUES (N'WAIT_HUTECH_CART_56372',N'HUTECH_CART_56372','150000',N'127.0.0.1','0.0',N'SUCCESS',N'0000dae340de4da88ec92da7d30bf08d1ca78a6095e3fd505d4e9585975d802c','2026-05-31 16:03:36.873000',N'131415020188 0987273621 HUTECHCART56372');
INSERT INTO [Transactions_Ledger] VALUES (N'WAIT_HUTECH_CART_67460',N'HUTECH_CART_67460','152000',N'127.0.0.1','0.0',N'PENDING',N'WAITING_BLOCK','2026-05-31 15:27:00.880000',N'HUTECH_CART_67460');
INSERT INTO [Transactions_Ledger] VALUES (N'WAIT_HUTECH_CART_69685',N'HUTECH_CART_69685','150000',N'127.0.0.1','0.0',N'PENDING',N'WAITING_BLOCK','2026-05-31 15:51:02.003000',N'HUTECH_CART_69685');
INSERT INTO [Transactions_Ledger] VALUES (N'WAIT_HUTECH_CART_74448',N'HUTECH_CART_74448','2000',N'127.0.0.1','0.0',N'PENDING',N'WAITING_BLOCK','2026-05-31 15:24:27.137000',N'HUTECH_CART_74448');
INSERT INTO [Transactions_Ledger] VALUES (N'WAIT_HUTECH_CART_88486',N'HUTECH_CART_88486','0',N'127.0.0.1','0.0',N'PENDING',N'WAITING_BLOCK','2026-05-31 15:11:13.510000',N'HUTECH_CART_88486');
GO

CREATE TABLE [System_Settings] (
    [setting_key] varchar(50) NOT NULL,
    [setting_value] nvarchar(500) NULL
);
GO

INSERT INTO [System_Settings] VALUES (N'SEPAY_API_NAME',N'thanh toán cửa hàng 1');
INSERT INTO [System_Settings] VALUES (N'SEPAY_API_STATUS',N'ACTIVE');
INSERT INTO [System_Settings] VALUES (N'SEPAY_API_TOKEN',N'ZIJEXELJ5J21YXWQQMVAGTDINL4NHQVE9YGCYSMUWCGSUKTIZO2DV1SOMUWAG7BE');
GO

CREATE TABLE [Sepay_Tokens] (
    [id] int NOT NULL,
    [token_name] nvarchar(100) NOT NULL,
    [token_string] varchar(255) NOT NULL,
    [is_active] bit NULL,
    [created_at] datetime NULL
);
GO

INSERT INTO [Sepay_Tokens] VALUES ('6',N'hòa thúi',N'MEKJTJHSF0YTINKZ1VHOJI4BVZ7CFUB7OOA9QKA2LE0IBSLQTJKRNT3WLPF9Q8XN',1,'2026-05-30 17:00:17.613000');
INSERT INTO [Sepay_Tokens] VALUES ('10',N'hòa thúi',N'ZIJEXELJ5J21YXWQQMVAGTDINL4NHQVE9YGCYSMUWCGSUKTIZO2DV1SOMUWAG7BE',1,'2026-05-30 18:33:33.953000');
GO

CREATE TABLE [Hutech_Blockchain] (
    [block_index] int NOT NULL,
    [timestamp] datetime NULL,
    [transactions_data] nvarchar(MAX) NULL,
    [nonce] int NULL,
    [previous_hash] varchar(256) NULL,
    [block_hash] varchar(256) NULL
);
GO

INSERT INTO [Hutech_Blockchain] VALUES ('1','2026-05-30 05:14:41',N'{"message": "HUTECH SECURE GENESIS BLOCK 2026"}','180557',N'0000000000000000000000000000000000000000000000000000000000000000',N'00008afd45e9c94e57b63922c5a5e5edb86b49ec3de601165962f4efeddc49b0');
INSERT INTO [Hutech_Blockchain] VALUES ('2','2026-05-30 05:14:42',N'{"qr_id": "HUTECH_L51PVT", "amount": 2000.0, "type": "SEPAY_WEBHOOK"}','99896',N'00008afd45e9c94e57b63922c5a5e5edb86b49ec3de601165962f4efeddc49b0',N'00002b133d9072b41584aca8cdce69d39923bf70b39eeaa828e95b1df3e3b298');
INSERT INTO [Hutech_Blockchain] VALUES ('3','2026-05-30 05:17:03',N'{"qr_id": "HUTECH_KZ2ABH", "amount": 2000.0, "type": "SEPAY_WEBHOOK"}','63039',N'00002b133d9072b41584aca8cdce69d39923bf70b39eeaa828e95b1df3e3b298',N'00005212215beafd6537c8c52060eb307c2e35d66e569c6f1ed97ab5be060fa8');
INSERT INTO [Hutech_Blockchain] VALUES ('4','2026-05-30 05:17:03',N'{"qr_id": "HUTECH_KZ2ABH", "amount": 2000.0, "type": "SEPAY_TRANSFER"}','159116',N'00005212215beafd6537c8c52060eb307c2e35d66e569c6f1ed97ab5be060fa8',N'000044accd939c963b4318a15b8e4673257c4cda6eecc439462ca59123c5e2b5');
INSERT INTO [Hutech_Blockchain] VALUES ('5','2026-05-30 05:21:43',N'{"qr_id": "HUTECH_VJ5JYI", "amount": 2000.0, "type": "SEPAY_TRANSFER"}','66077',N'000044accd939c963b4318a15b8e4673257c4cda6eecc439462ca59123c5e2b5',N'00002362587978fc0b4c3d76ab3b67f100a8ecf91b539d83d0e96043d4c0632e');
INSERT INTO [Hutech_Blockchain] VALUES ('6','2026-05-30 05:38:05',N'{"qr_id": "HUTECH_6OTAI5", "amount": 2000.0, "type": "SEPAY_WEBHOOK"}','12977',N'00002362587978fc0b4c3d76ab3b67f100a8ecf91b539d83d0e96043d4c0632e',N'000010efc1c722188a8eb77faffbb831f7d55289f7f594119b9d83152937f344');
INSERT INTO [Hutech_Blockchain] VALUES ('7','2026-05-30 06:09:16',N'{"qr_id": "HUTECH_1IKK9O", "amount": 2000.0, "type": "SEPAY_TRANSFER"}','53007',N'000010efc1c722188a8eb77faffbb831f7d55289f7f594119b9d83152937f344',N'0000f20477d6968809373ff160b4130fa0d45f50ddc4339aa59b44ef59ec8165');
INSERT INTO [Hutech_Blockchain] VALUES ('8','2026-05-30 06:17:33',N'{"qr_id": "HUTECH_JF7TRO", "amount": 2000.0, "type": "SEPAY_WEBHOOK"}','65705',N'0000f20477d6968809373ff160b4130fa0d45f50ddc4339aa59b44ef59ec8165',N'0000da987e953104b825cdb443393dd62b1b5539c10f7a38ff8db392e641f8ee');
INSERT INTO [Hutech_Blockchain] VALUES ('9','2026-05-30 06:30:27',N'{"qr_id": "HUTECH_RDNHQN", "amount": 2000.0, "type": "SEPAY_WEBHOOK"}','26312',N'0000da987e953104b825cdb443393dd62b1b5539c10f7a38ff8db392e641f8ee',N'00001dd0170d8f6fd698d238e265003bcf62403134f0d3b5661930cd57f50ed2');
INSERT INTO [Hutech_Blockchain] VALUES ('10','2026-05-30 18:16:57',N'{"qr_id": "HUTECH002978", "amount": 2000.0, "type": "SEPAY_WEBHOOK"}','108689',N'00001dd0170d8f6fd698d238e265003bcf62403134f0d3b5661930cd57f50ed2',N'0000f0eecf3ea962a04cce83359dd52de1807d3047c97b034c00a92c58383c4d');
INSERT INTO [Hutech_Blockchain] VALUES ('11','2026-05-30 18:24:23',N'{"qr_id": "HUTECH839498", "amount": 2000.0, "type": "SEPAY_WEBHOOK"}','95259',N'0000f0eecf3ea962a04cce83359dd52de1807d3047c97b034c00a92c58383c4d',N'0000c69203cdd38ce646bc971ee2a70cafb2d2017632d55bf9fce4084727f945');
INSERT INTO [Hutech_Blockchain] VALUES ('12','2026-05-30 18:28:18',N'{"qr_id": "HUTECH689229", "amount": 2000.0, "type": "SEPAY_WEBHOOK"}','6309',N'0000c69203cdd38ce646bc971ee2a70cafb2d2017632d55bf9fce4084727f945',N'00002c9681874404aeb8f7ee25908183ce6fd1a07f1e496f1d681afaea7531b4');
INSERT INTO [Hutech_Blockchain] VALUES ('13','2026-05-30 18:34:00',N'{"qr_id": "HUTECH836302", "amount": 2000.0, "type": "SEPAY_WEBHOOK"}','30414',N'00002c9681874404aeb8f7ee25908183ce6fd1a07f1e496f1d681afaea7531b4',N'000093bcb36cc6cb1d74dbdf6ce1f1c509ac084d8c3283c05d56426d1efb63dd');
INSERT INTO [Hutech_Blockchain] VALUES ('14','2026-05-30 18:35:44',N'{"qr_id": "HUTECH038837", "amount": 2000.0, "type": "SEPAY_WEBHOOK"}','90475',N'000093bcb36cc6cb1d74dbdf6ce1f1c509ac084d8c3283c05d56426d1efb63dd',N'0000a6c44c070fab3b04bf046d3636614d44cfd2f419ca537b5eef8778f6b361');
INSERT INTO [Hutech_Blockchain] VALUES ('15','2026-05-30 23:51:56',N'{"qr_id": "HUTECH985204", "amount": 2000.0, "type": "SEPAY_WEBHOOK"}','16897',N'0000a6c44c070fab3b04bf046d3636614d44cfd2f419ca537b5eef8778f6b361',N'0000a95525402b2728bb4f3620c777d716dad006203e5d6aac95db411e4b29a8');
INSERT INTO [Hutech_Blockchain] VALUES ('16','2026-05-30 23:55:54',N'{"qr_id": "HUTECH217106", "amount": 2000.0, "type": "SEPAY_WEBHOOK"}','135198',N'0000a95525402b2728bb4f3620c777d716dad006203e5d6aac95db411e4b29a8',N'000055b771f955486f0c7025003c0c6ce627e25cb8fe1679396642c42c127b28');
INSERT INTO [Hutech_Blockchain] VALUES ('17','2026-05-30 23:55:56',N'{"qr_id": "HUTECH217106", "amount": 2000.0, "type": "SEPAY_TRANSFER"}','91734',N'000055b771f955486f0c7025003c0c6ce627e25cb8fe1679396642c42c127b28',N'00003ff9f9cf1b0c5d0d91ca357c9f31b0b3173bee5ce4504a257ce427a9da58');
INSERT INTO [Hutech_Blockchain] VALUES ('18','2026-05-30 23:57:01',N'{"qr_id": "HUTECH904168", "amount": 2000.0, "type": "SEPAY_TRANSFER"}','56029',N'00003ff9f9cf1b0c5d0d91ca357c9f31b0b3173bee5ce4504a257ce427a9da58',N'0000325022a342846bc0a52c1b51d225c1f9b54cbd838c7873253c5e62c9af84');
INSERT INTO [Hutech_Blockchain] VALUES ('19','2026-05-31 00:01:47',N'{"qr_id": "TEST-D10A480C", "amount": 50000.0, "type": "SEPAY_WEBHOOK"}','23425',N'0000325022a342846bc0a52c1b51d225c1f9b54cbd838c7873253c5e62c9af84',N'0000f731b703fb5c83c779cae97d5dfbc0801e9319d48af41135f5f7d37fed94');
INSERT INTO [Hutech_Blockchain] VALUES ('20','2026-05-31 00:02:17',N'{"qr_id": "TEST-0DE89274", "amount": 50000.0, "type": "SEPAY_WEBHOOK"}','3675',N'0000f731b703fb5c83c779cae97d5dfbc0801e9319d48af41135f5f7d37fed94',N'0000d442707df28f4c861422ab5e985d0e73d768194f15075f51e53556ba5e6b');
INSERT INTO [Hutech_Blockchain] VALUES ('21','2026-05-31 00:02:48',N'{"qr_id": "TEST-326709E0", "amount": 50000.0, "type": "SEPAY_WEBHOOK"}','92640',N'0000d442707df28f4c861422ab5e985d0e73d768194f15075f51e53556ba5e6b',N'0000d2d9d15789435902a9ea179d090a58088b53819bd48805bb47a9a01edb5e');
INSERT INTO [Hutech_Blockchain] VALUES ('22','2026-05-31 00:04:12',N'{"qr_id": "HUTECH947343", "amount": 2000.0, "type": "SEPAY_WEBHOOK"}','45565',N'0000d2d9d15789435902a9ea179d090a58088b53819bd48805bb47a9a01edb5e',N'0000b6321efbd81f9161cb936adcdb16c9b2ceca5abefa440c8a718d4a2d7f6d');
INSERT INTO [Hutech_Blockchain] VALUES ('23','2026-05-31 00:10:10',N'{"qr_id": "HUTECH252426", "amount": 2000.0, "type": "SEPAY_WEBHOOK"}','315224',N'0000b6321efbd81f9161cb936adcdb16c9b2ceca5abefa440c8a718d4a2d7f6d',N'00009b813dc51cd819a44ded75282dca5110f9c9476c9e0fdcb7e40f7a928d29');
INSERT INTO [Hutech_Blockchain] VALUES ('24','2026-05-31 00:24:11',N'{"qr_id": "HUTECH682575", "amount": 2000.0, "type": "SEPAY_WEBHOOK"}','249058',N'00009b813dc51cd819a44ded75282dca5110f9c9476c9e0fdcb7e40f7a928d29',N'0000cea12808320f3f60a8807da164ebd3e7d543394b72188558356112162296');
INSERT INTO [Hutech_Blockchain] VALUES ('25','2026-05-31 00:35:22',N'{"qr_id": "HUTECH836874", "amount": 2000.0, "type": "SEPAY_WEBHOOK"}','2120',N'0000cea12808320f3f60a8807da164ebd3e7d543394b72188558356112162296',N'00000f113bd058e73a0d23d58435edbf37793a3b5e1828cbfcca9cba8206ce8b');
INSERT INTO [Hutech_Blockchain] VALUES ('26','2026-05-31 00:53:27',N'{"qr_id": "HUTECH048177", "amount": 2000.0, "type": "SEPAY_WEBHOOK"}','43781',N'00000f113bd058e73a0d23d58435edbf37793a3b5e1828cbfcca9cba8206ce8b',N'00005e28c066950db95e9ea5906c392e7a9407e86bcc85a7b0c2471f12c592a0');
INSERT INTO [Hutech_Blockchain] VALUES ('27','2026-05-31 00:54:32',N'{"qr_id": "HUTECH092916", "amount": 18000.0, "type": "SEPAY_WEBHOOK"}','10183',N'00005e28c066950db95e9ea5906c392e7a9407e86bcc85a7b0c2471f12c592a0',N'0000d610d0bbe1244d29e8abe3cc6d3fc539f1ca62485f767851930dd59fb2f4');
INSERT INTO [Hutech_Blockchain] VALUES ('28','2026-05-31 14:43:39',N'{"qr_id": "HUTECH217469", "amount": 2000.0, "type": "SEPAY_WEBHOOK_ANOMALY"}','200194',N'0000d610d0bbe1244d29e8abe3cc6d3fc539f1ca62485f767851930dd59fb2f4',N'00009f78101d0a562d0523ca15b4a48d3f522efdcbe4c7a901cd0b06ab7b95f4');
INSERT INTO [Hutech_Blockchain] VALUES ('29','2026-05-31 15:23:31',N'{"qr_id": "HUTECH_CART_33338", "amount": 2000.0, "type": "SEPAY_WEBHOOK_ANOMALY"}','5483',N'00009f78101d0a562d0523ca15b4a48d3f522efdcbe4c7a901cd0b06ab7b95f4',N'00008d6ec3d6751ea4d3b3ddbe5e211016417aa97f5d332cfb88e0ae6d1d54f9');
INSERT INTO [Hutech_Blockchain] VALUES ('30','2026-05-31 15:24:38',N'{"qr_id": "HUTECH_CART_74448", "amount": 2000.0, "type": "SEPAY_WEBHOOK_ANOMALY"}','25210',N'00008d6ec3d6751ea4d3b3ddbe5e211016417aa97f5d332cfb88e0ae6d1d54f9',N'00004ccbca329a23b2ceea93e3c40997aa24775c4992acc5f5931ba2fb8d4785');
INSERT INTO [Hutech_Blockchain] VALUES ('31','2026-05-31 15:27:20',N'{"qr_id": "HUTECH_CART_67460", "amount": 152000.0, "type": "SEPAY_WEBHOOK_ANOMALY"}','1988',N'00004ccbca329a23b2ceea93e3c40997aa24775c4992acc5f5931ba2fb8d4785',N'0000cdb3ba842ac0aceb4d29d942f2c6facd5328216246b33d669efbd4976633');
INSERT INTO [Hutech_Blockchain] VALUES ('32','2026-05-31 15:37:13',N'{"qr_id": "HUTECH_CART_40565", "amount": 150000.0, "type": "SEPAY_WEBHOOK_ANOMALY"}','33890',N'0000cdb3ba842ac0aceb4d29d942f2c6facd5328216246b33d669efbd4976633',N'00002895c41fde77cb3b797c967c9f8e5bceb2c5d11afe0a6b5563780485c9b7');
INSERT INTO [Hutech_Blockchain] VALUES ('33','2026-05-31 15:42:07',N'{"qr_id": "HUTECH_CART_27547", "amount": 150000.0, "type": "SEPAY_WEBHOOK"}','5000',N'00002895c41fde77cb3b797c967c9f8e5bceb2c5d11afe0a6b5563780485c9b7',N'0000769bbd1d230a13436175ffaa5d24664f2cfe86403935cee8e5699e3a0bc8');
INSERT INTO [Hutech_Blockchain] VALUES ('34','2026-05-31 15:51:18',N'{"qr_id": "HUTECH_CART_69685", "amount": 150000.0, "type": "SEPAY_WEBHOOK_ANOMALY"}','20894',N'0000769bbd1d230a13436175ffaa5d24664f2cfe86403935cee8e5699e3a0bc8',N'00009bba6cda496e4da456b68ead249cc68490dae8c52045b05eb56cd13d53cb');
INSERT INTO [Hutech_Blockchain] VALUES ('35','2026-05-31 15:56:08',N'{"qr_id": "HUTECH_CART_54432", "amount": 150000.0, "type": "SEPAY_WEBHOOK"}','109733',N'00009bba6cda496e4da456b68ead249cc68490dae8c52045b05eb56cd13d53cb',N'0000099b26e1a3a10b351452d4317ded5d67359a777ae711a35fb752f164940e');
INSERT INTO [Hutech_Blockchain] VALUES ('36','2026-05-31 16:04:08',N'{"qr_id": "HUTECH_CART_56372", "amount": 150000.0, "type": "SEPAY_WEBHOOK"}','129080',N'0000099b26e1a3a10b351452d4317ded5d67359a777ae711a35fb752f164940e',N'0000dae340de4da88ec92da7d30bf08d1ca78a6095e3fd505d4e9585975d802c');
GO

CREATE TABLE [Bank_Accounts] (
    [id] int NOT NULL,
    [bank_code] varchar(20) NOT NULL,
    [account_number] varchar(50) NOT NULL,
    [account_name] nvarchar(100) NOT NULL,
    [sepay_token_id] int NULL,
    [is_active] bit NULL,
    [created_at] datetime NULL
);
GO

INSERT INTO [Bank_Accounts] VALUES ('1',N'BIDV',N'0987654321',N'HOANG','1',1,'2026-05-30 06:01:06.367000');
GO

CREATE TABLE [Products] (
    [id] varchar(50) NOT NULL,
    [name] nvarchar(255) NOT NULL,
    [price] decimal NOT NULL,
    [image] nvarchar(MAX) NULL,
    [stock] int NULL,
    [category] nvarchar(100) NULL
);
GO

INSERT INTO [Products] VALUES (N'123',N'hgff','1000.00',N'["/static/uploads/products/Anh_chup_man_hinh_2026-03-29_222324.png", "/static/uploads/products/Anh_chup_man_hinh_2026-03-29_225243.png"]','0',N'đt');
INSERT INTO [Products] VALUES (N'123r',N'rrrgg','2000.00',N'[]','0',N'đt');
INSERT INTO [Products] VALUES (N'SP001',N'Áo khoác HUTECH','250000.00',N'https://bizweb.dktcdn.net/100/331/067/products/4-a82f34ec-d102-4bb3-8ccb-a36c92d5c197.jpg','49',NULL);
INSERT INTO [Products] VALUES (N'SP002',N'Balo sinh viên','150000.00',N'https://product.hstatic.net/200000201725/product/balo-nam-nu-thoi-trang-han-quoc-chong-nuoc-tot_288ddffeaef04fc08470559ebbd8c0e7_master.jpg','22',NULL);
GO

CREATE TABLE [Store_Orders] (
    [id] varchar(50) NOT NULL,
    [product_id] varchar(50) NOT NULL,
    [amount] decimal NOT NULL,
    [status] varchar(20) NOT NULL,
    [created_at] datetime NULL,
    [expires_at] datetime NULL,
    [payer_ip] varchar(50) NULL,
    [details] nvarchar(MAX) NULL,
    [customer_name] nvarchar(255) NULL,
    [customer_phone] varchar(20) NULL,
    [customer_address] nvarchar(MAX) NULL
);
GO

INSERT INTO [Store_Orders] VALUES (N'HUTECH_123_6047',N'123','1000.00',N'PENDING','2026-05-31 14:02:56.210000','2026-05-31 14:12:56.210000',N'127.0.0.1',NULL,NULL,NULL,NULL);
INSERT INTO [Store_Orders] VALUES (N'HUTECH_123_9439',N'123','1000.00',N'PENDING','2026-05-31 13:52:22.213000','2026-05-31 14:02:22.213000',N'127.0.0.1',NULL,NULL,NULL,NULL);
INSERT INTO [Store_Orders] VALUES (N'HUTECH_123_9879',N'123','1000.00',N'PENDING','2026-05-31 13:41:26.040000','2026-05-31 13:51:26.040000',N'127.0.0.1',NULL,NULL,NULL,NULL);
INSERT INTO [Store_Orders] VALUES (N'HUTECH_CART_11757',N'','2000.00',N'PENDING','2026-05-31 15:18:17.630000','2026-05-31 15:28:17.630000',N'127.0.0.1',N'[{"id": "123r", "name": "rrrgg", "qty": 1, "price": 2000}]',N'nguyễn đình hòa',N'0987273621',N'3534');
INSERT INTO [Store_Orders] VALUES (N'HUTECH_CART_14754',N'','1000.00',N'PENDING','2026-05-31 14:40:28.450000','2026-05-31 14:50:28.450000',N'127.0.0.1',N'[{"id": "123", "name": "hgff", "qty": 1, "price": 1000}]',N'nguyễn đình hòa',N'0987273621',N'3534');
INSERT INTO [Store_Orders] VALUES (N'HUTECH_CART_27547',N'','150000.00',N'PAID','2026-05-31 15:41:44.547000','2026-05-31 15:51:44.547000',N'127.0.0.1',N'[{"id": "SP002", "name": "Balo sinh vi\u00ean", "qty": 1, "price": 150000}]',N'nguyễn đình hòa',N'0987273621',N'35435');
INSERT INTO [Store_Orders] VALUES (N'HUTECH_CART_33338',N'','2000.00',N'FLAGGED','2026-05-31 15:23:17.767000','2026-05-31 15:33:17.767000',N'127.0.0.1',N'[{"id": "123r", "name": "rrrgg", "qty": 1, "price": 2000}]',N'nguyễn đình hòa',N'0987273621',N'2434');
INSERT INTO [Store_Orders] VALUES (N'HUTECH_CART_40565',N'','150000.00',N'FLAGGED','2026-05-31 15:36:35.550000','2026-05-31 15:46:35.550000',N'127.0.0.1',N'[{"id": "SP002", "name": "Balo sinh vi\u00ean", "qty": 1, "price": 150000}]',N'nguyễn đình hòa',N'0987273621',N'355');
INSERT INTO [Store_Orders] VALUES (N'HUTECH_CART_40824',N'','2000.00',N'PENDING','2026-05-31 15:15:45.043000','2026-05-31 15:25:45.043000',N'127.0.0.1',N'[{"id": "123r", "name": "rrrgg", "qty": 1, "price": 2000}]',N'nguyễn đình hòa',N'0987273621',N'4354');
INSERT INTO [Store_Orders] VALUES (N'HUTECH_CART_49519',N'','150000.00',N'PENDING','2026-05-31 15:49:18.333000','2026-05-31 15:59:18.333000',N'127.0.0.1',N'[{"id": "SP002", "name": "Balo sinh vi\u00ean", "qty": 1, "price": 150000}]',N'nguyễn đình hòa',N'0987273621',N'35435');
INSERT INTO [Store_Orders] VALUES (N'HUTECH_CART_50765',N'','2000.00',N'PENDING','2026-05-31 14:44:32.763000','2026-05-31 14:54:32.763000',N'127.0.0.1',N'[{"id": "123r", "name": "rrrgg", "qty": 1, "price": 2000}]',N'nguyễn đình hòa',N'0987273621',N'244');
INSERT INTO [Store_Orders] VALUES (N'HUTECH_CART_54432',N'','150000.00',N'PAID','2026-05-31 15:55:20.293000','2026-05-31 16:05:20.293000',N'127.0.0.1',N'[{"id": "SP002", "name": "Balo sinh vi\u00ean", "qty": 1, "price": 150000}]',N'nguyễn đình hòa',N'0987273621',N'3543');
INSERT INTO [Store_Orders] VALUES (N'HUTECH_CART_56372',N'','150000.00',N'PAID','2026-05-31 16:03:36.860000','2026-05-31 16:13:36.860000',N'127.0.0.1',N'[{"id": "SP002", "name": "Balo sinh vi\u00ean", "qty": 1, "price": 150000}]',N'nguyễn đình hòa',N'0987273621',N'4543');
INSERT INTO [Store_Orders] VALUES (N'HUTECH_CART_57004',N'','3000.00',N'PENDING','2026-05-31 14:22:59.447000','2026-05-31 14:32:59.447000',N'127.0.0.1',N'[{"id": "123", "name": "hgff", "qty": 3, "price": 1000}]',N'nguyễn đình hòa',N'0987273621',N'415/5');
INSERT INTO [Store_Orders] VALUES (N'HUTECH_CART_63399',N'','2000.00',N'PENDING','2026-05-31 15:00:46.210000','2026-05-31 15:10:46.210000',N'127.0.0.1',N'[{"id": "123r", "name": "rrrgg", "qty": 1, "price": 2000}]',N'nguyễn đình hòa',N'0987273621',N'354');
INSERT INTO [Store_Orders] VALUES (N'HUTECH_CART_63782',N'','2000.00',N'PENDING','2026-05-31 14:42:15.630000','2026-05-31 14:52:15.630000',N'127.0.0.1',N'[{"id": "123r", "name": "rrrgg", "qty": 1, "price": 2000}]',N'nguyễn đình hòa',N'0987273621',N'2433');
INSERT INTO [Store_Orders] VALUES (N'HUTECH_CART_67460',N'','152000.00',N'FLAGGED','2026-05-31 15:27:00.877000','2026-05-31 15:37:00.877000',N'127.0.0.1',N'[{"id": "123r", "name": "rrrgg", "qty": 1, "price": 2000}, {"id": "SP002", "name": "Balo sinh vi\u00ean", "qty": 1, "price": 150000}]',N'nguyễn đình hòa',N'0987273621',N'353');
INSERT INTO [Store_Orders] VALUES (N'HUTECH_CART_69685',N'','150000.00',N'FLAGGED','2026-05-31 15:51:02','2026-05-31 16:01:02',N'127.0.0.1',N'[{"id": "SP002", "name": "Balo sinh vi\u00ean", "qty": 1, "price": 150000}]',N'nguyễn đình hòa',N'0987273621',N'3543');
INSERT INTO [Store_Orders] VALUES (N'HUTECH_CART_74448',N'','2000.00',N'FLAGGED','2026-05-31 15:24:27.130000','2026-05-31 15:34:27.130000',N'127.0.0.1',N'[{"id": "123r", "name": "rrrgg", "qty": 1, "price": 2000}]',N'nguyễn đình hòa',N'0987273621',N'68tr');
INSERT INTO [Store_Orders] VALUES (N'HUTECH_CART_88486',N'','2000.00',N'PENDING','2026-05-31 15:11:13.503000','2026-05-31 15:21:13.503000',N'127.0.0.1',N'[{"id": "123r", "name": "rrrgg", "qty": 1, "price": 2000}]',N'nguyễn đình hòa',N'0987273621',N'353');
INSERT INTO [Store_Orders] VALUES (N'HUTECH_CART_94777',N'','2000.00',N'PENDING','2026-05-31 14:24:35.627000','2026-05-31 14:34:35.627000',N'127.0.0.1',N'[{"id": "123", "name": "hgff", "qty": 2, "price": 1000}]',N'nguyễn đình hòa',N'0987273621',N'3344');
INSERT INTO [Store_Orders] VALUES (N'HUTECH_CART_94920',N'','1000.00',N'PENDING','2026-05-31 14:11:49.610000','2026-05-31 14:21:49.610000',N'127.0.0.1',N'[{"id": "123", "name": "hgff", "qty": 1, "price": 1000}]',NULL,NULL,NULL);
INSERT INTO [Store_Orders] VALUES (N'HUTECH_CART_97303',N'','2000.00',N'PENDING','2026-05-31 14:53:52.233000','2026-05-31 15:03:52.233000',N'127.0.0.1',N'[{"id": "123r", "name": "rrrgg", "qty": 1, "price": 2000}]',N'nguyễn đình hòa',N'0987273621',N'4535');
INSERT INTO [Store_Orders] VALUES (N'HUTECH_SP001_5958',N'SP001','250000.00',N'PENDING','2026-05-31 13:41:29.440000','2026-05-31 13:51:29.440000',N'127.0.0.1',NULL,NULL,NULL,NULL);
INSERT INTO [Store_Orders] VALUES (N'HUTECH_SP002_4003',N'SP002','150000.00',N'PENDING','2026-05-31 13:41:37.617000','2026-05-31 13:51:37.617000',N'127.0.0.1',NULL,NULL,NULL,NULL);
GO

